{
  "project_info": {
    "project_number": "11984685765",
    "firebase_url": "https://my-ghmc-live.firebaseio.com",
    "project_id": "my-ghmc-live",
    "storage_bucket": "my-ghmc-live.appspot.com"
  },
  "client": [
    {
      "client_info": {
        "mobilesdk_app_id": "1:11984685765:android:666a83e86ff844d1",
        "android_client_info": {
          "package_name": "in.gov.cgg.redcrossphase_offline"
        }
      },
      "oauth_client": [
        {
          "client_id": "11984685765-cgupogq27v3jmuhr3b4m74dtisudcakr.apps.googleusercontent.com",
          "client_type": 1,
          "android_info": {
            "package_name": "in.gov.cgg.redcrossphase_offline",
            "certificate_hash": "8a890256526497432c514732a76e9fd38c19f831"
          }
        },
        {
          "client_id": "11984685765-9iga38vbjj337uk4ll0dcl0m5dq3183h.apps.googleusercontent.com",
          "client_type": 3
        }
      ],
      "api_key": [
        {
          "current_key": "AIzaSyCGo5lX6ocBXVEXXMEcMWB1t1Q-CEl87e0"
        }
      ],
      "services": {
        "analytics_service": {
          "status": 1
        },
        "appinvite_service": {
          "status": 2,
          "other_platform_oauth_client": [
            {
              "client_id": "11984685765-9iga38vbjj337uk4ll0dcl0m5dq3183h.apps.googleusercontent.com",
              "client_type": 3
            }
          ]
        },
        "ads_service": {
          "status": 2
        }
      }
    }
  ],
  "configuration_version": "1"
}